rank,key,kind,runs,refined,baseWinPct,upWinPct,downWinPct,upDeltaPp,downDeltaPp,upAppliedPct,downAppliedPct,maxAbsDeltaPp,seMaxPp,significant,treasuryChangePct,error
1,orderBiddingWindowTurns,scalar,200,true,60,0,60,-60,0,25,-25,60,3.47,true,121.03,
2,policyDecisionStandingThreshold,scalar,200,true,60,80,4,20,-56.00,25,-25,56.00,3.52,true,61.19,
3,deliveryDelayMinTurns,scalar,200,true,60,13.50,49,-46.50,-11,25,-25,46.50,3.81,true,64.30,
4,gradeCostFactor,group,200,true,60,16,58,-44,-2,,,44,4.46,true,86.18,
5,fixedCosts,group,200,true,60,17.50,80.50,-42.50,20.50,,,42.50,3.71,true,99.04,
6,bidWeightsDefault,group,200,true,60,40,17.50,-20,-42.50,,,42.50,4.62,true,70.77,
7,heatPriceElasticity,scalar,200,true,60,86,19,26,-41,25.00,-25.00,41,3.63,true,35.05,
8,orderTriggerThreshold,group,200,true,60,19.50,83,-40.50,23,,,40.50,4.43,true,44.50,
9,commodityIndexWeight,group,200,true,60,75,20.50,15,-39.50,,,39.50,4.00,true,37.80,
10,peacetimeReplacement,group,200,true,60,76.50,24.50,16.50,-35.50,,,35.50,4.25,true,37.61,
11,frontBaseAttritionPct,scalar,200,true,60,67.50,25.50,7.50,-34.50,25,-25,34.50,4.17,true,16.67,
12,priceTermWeight,scalar,200,true,60,47.50,26,-12.50,-34,25,-25,34,4.51,true,60.91,
13,equipmentAttritionCoupling,scalar,200,true,60,69.50,27.50,9.50,-32.50,25,-25,32.50,4.19,true,16.78,
14,blocPenaltyScale,scalar,200,true,60,28.50,68,-31.50,8,26.67,-26.67,31.50,4.17,true,56.32,
15,categoryVulnerability,group,200,true,60,71,28.50,11,-31.50,,,31.50,4.17,true,14.81,
16,designBenchmarkBase,scalar,200,true,60,31,90,-29.00,30,26,-24,30,3.40,true,29.15,
17,destroyThreshold,scalar,200,true,60,88,56,28.00,-4,30,-20,28.00,3.83,true,33.51,
18,gradePriceFactor,group,200,true,60,34,48.50,-26,-11.50,,,26,4.61,true,53.65,
19,designFocus,group,200,true,60,84,43,24,-17,,,24,3.34,true,6.55,
20,designAmbition,group,200,true,60,38,71.50,-22,11.50,,,22,4.08,true,26.89,
21,trueBudgetMaxFactor,scalar,200,true,60,64,38,4,-22,25.00,-25.00,22,3.18,true,16.26,
22,deliveryDelayMaxTurns,scalar,200,true,60,41,76.50,-19,16.50,25,-25,19,4.10,true,23.03,
23,repTermReliabilityDivisor,scalar,200,true,60,41,74,-19,14.00,25,-25,19,3.64,true,13.15,
24,supplyIndexMax,scalar,200,true,60,60,41,0,-19,25,-25,19,2.78,true,10.70,
25,reliabilityOnTimeBonus,scalar,200,true,60,69.50,43.50,9.50,-16.50,25,-25,16.50,3.53,true,17.22,
26,rivalDesignSchedule,group,200,true,60,46.50,67.50,-13.50,7.50,,,13.50,4.17,true,10.77,
27,scarcityPriceDivisor,scalar,200,true,60,53,73,-7.00,13,25,-25,13,2.86,true,11.58,
28,frontEquipmentWeight,scalar,200,true,60,63.50,48,3.50,-12,25.00,-25.00,12,4.17,true,11.36,
29,weightPressureShift,scalar,200,true,60,71.50,52,11.50,-8,25,-25,11.50,3.02,true,8.99,
30,officialRelationDecayPerTurn,scalar,50,false,52,52,62,0,10,25,-25,10,5.89,false,10.32,
31,rivalMarginBase,scalar,200,true,60,69,50,9,-10,25.00,-25.00,10,3.95,true,9.55,
32,doomsdayCrisisEventThreshold,scalar,50,false,52,52,62,0,10,25.33,-25.33,10,4.29,true,9.44,
33,requirementCardHorizon,scalar,50,false,52,52,62,0,10,25,-25,10,7.69,false,8.37,
34,supplyHeatCoupling,scalar,50,false,52,62,44,10,-8,25.00,-25.00,10,5.15,false,7.09,
35,officialRelationGraceTurns,scalar,50,false,52,62,60,10,8,33.33,-16.67,10,9.15,false,6.04,
36,doomsdayNuclearExchangeThreshold,scalar,50,false,52,58,42,6,-10,25.26,-25.26,10,4.29,true,5.97,
37,reliabilityLateEscalationPerTurn,scalar,50,false,52,62,50,10,-2,25,-25,10,5.15,false,5.82,
38,relationTermWeight,scalar,50,false,52,62,52,10,0,25,-25,10,5.89,false,5.41,
39,testingOverheadFactor,scalar,50,false,52,50,62,-2,10,25,-25,10,4.29,true,4.08,
40,repTermQualityDivisor,scalar,50,false,52,62,50,10,-2,25,-25,10,7.14,false,3.40,
41,designSpread,scalar,50,false,52,62,52,10,0,33.33,-16.67,10,5.15,false,3.17,
42,gradePriceWeightThreshold,scalar,50,false,52,62,52,10,0,25.00,-25.00,10,8.21,false,1.56,
43,heatDecayActive,scalar,50,false,52,56,62,4,10,25,-25,10,4.29,true,0.95,
44,rivalDeliveryUnitsPerTurn,scalar,200,true,60,67.50,51,7.50,-9,25,-25,9,4.44,true,7.88,
45,gradeCashPressureThreshold,scalar,200,true,60,53,68.50,-7.00,8.50,25,-25,8.50,2.10,true,4.23,
46,blocGenerationSchedule,group,50,false,52,60,58,8,6,,,8,8.96,false,13.29,
47,trueBudgetMinFactor,scalar,50,false,52,60,44,8,-8,25.00,-25,8,3.88,true,13.06,
48,rndProjectTurns,scalar,50,false,52,58,60,6,8,33.33,-16.67,8,8.96,false,12.10,
49,rivalMarginAggressionScale,scalar,50,false,52,56,60,4,8,25.00,-25.00,8,8.00,false,9.05,
50,gradeScandalChance,group,50,false,52,60,56,8,4,,,8,3.88,true,4.79,
51,heatEscalationDoomsdayMax,scalar,50,false,52,56,60,4,8,26.67,-26.67,8,3.88,true,4.69,
52,doctrineProfile,group,50,false,52,48,60,-4,8,,,8,3.88,true,4.45,
53,rivalDeliveryJitterTurns,scalar,50,false,52,58,60,6,8,25,-25,8,4.81,false,4.43,
54,advanceAbilityWeight,scalar,50,false,52,60,54,8,2,25.00,-25.00,8,5.60,false,3.91,
55,refittingReadinessRecoveryPerTurn,scalar,50,false,52,56,60,4,8,26.67,-26.67,8,4.81,false,2.82,
56,policyDecisionRelationThreshold,scalar,50,false,52,52,60,0,8,26.67,-23.33,8,5.60,false,2.66,
57,bomDefaultByCategory,group,50,false,52,52,60,0,8,,,8,6.29,false,1.62,
58,engagementAttritionPct,scalar,200,true,60,61,52.50,1,-7.50,33.33,-16.67,7.50,3.75,true,8.77,
59,designBidWeight,scalar,200,true,60,62,52.50,2,-7.50,25,-25,7.50,2.34,true,4.66,
60,agendaWeightShift,scalar,200,true,60,61,54,1,-6,25.00,-25.00,6,3.59,false,9.46,
61,rivalJitterRange,scalar,50,false,52,54,58,2,6,25,-25,6,6.00,false,8.64,
62,programmePriceFraction,scalar,50,false,52,58,52,6,0,25.00,-25.00,6,3.39,false,8.27,
63,creditMultiple,scalar,50,false,52,58,52,6,0,25.00,-25.00,6,5.28,false,7.93,
64,reliabilityLatePenalty,scalar,50,false,52,58,50,6,-2,25,-25,6,4.44,false,5.22,
65,preferenceMixBase,group,50,false,52,58,50,6,-2,,,6,3.39,false,5.14,
66,doomsdayDecayPerTurn,scalar,50,false,52,58,58,6,6,25,-25,6,3.39,false,5.04,
67,fieldTrialRelationFloor,scalar,50,false,52,58,52,6,0,25,-25,6,4.44,false,4.90,
68,advancePctMax,scalar,50,false,52,58,56,6,4,26.67,-23.33,6,4.44,false,4.84,
69,scoreBase,scalar,50,false,52,58,52,6,0,25,-25,6,3.39,false,3.95,
70,specialisationBidBonusPct,scalar,50,false,52,58,52,6,0,25,-25,6,3.39,false,3.95,
71,refitThreshold,scalar,200,true,60,57.50,66,-2.50,6,25.71,-24.29,6,2.80,true,3.77,
72,gapOverpricePct,scalar,50,false,52,58,50,6,-2,30,-20,6,3.39,false,3.26,
73,benchmarkPerGeneration,scalar,50,false,52,52,58,0,6,25,-25,6,4.44,false,3.21,
74,noveltyBidBonus,scalar,50,false,52,58,50,6,-2,25,-25,6,3.39,false,2.61,
75,preferenceMixDoctrineShift,scalar,50,false,52,48,58,-4,6,25.00,-25.00,6,3.39,false,2.05,
76,heatEscalationChancePct,scalar,50,false,52,58,52,6,0,26.67,-26.67,6,6.00,false,1.70,
77,programmeFirstTurn,scalar,200,true,60,66,60,6,0,25,-25,6,3.73,false,1.64,
78,frontManpowerWeight,scalar,50,false,52,54,46,2,-6,25.00,-25.00,6,5.28,false,1.19,
79,specialisationRndCostFactor,scalar,200,true,60,54.50,65.50,-5.50,5.50,25,-25,5.50,2.76,false,10.72,
80,favourRelationCostPerPoint,scalar,200,true,60,58.50,65.50,-1.50,5.50,25,-25,5.50,2.26,true,5.75,
81,maulThreshold,scalar,200,true,60,63,55.50,3,-4.50,25.71,-25.71,4.50,3.64,false,9.04,
82,rivalSpecialisationBonus,scalar,200,true,60,55.50,64.50,-4.50,4.50,25.00,-25.00,4.50,3.03,false,4.44,
83,retoolingTurns,scalar,50,false,52,56,52,4,0,25,-25,4,6.98,false,7.28,
84,stageIncidentSuccessPct,scalar,50,false,52,52,56,0,4,24.62,-24.62,4,4.00,false,6.31,
85,raceAccelerationTurns,scalar,50,false,52,50,56,-2,4,25,-25,4,6.98,false,5.86,
86,qualityScandalPenalty,scalar,50,false,52,52,56,0,4,25,-25,4,2.80,false,5.50,
87,programmeLastAnnounceTurn,scalar,50,false,52,52,48,0,-4,25,-25,4,5.69,false,5.27,
88,fieldTrialBatchFraction,scalar,50,false,52,50,56,-2,4,25,-25,4,2.80,false,4.81,
89,heatEscalationDoomsdayMin,scalar,50,false,52,54,56,2,4,20,-20,4,2.80,false,4.70,
90,raceStepDoomsday,scalar,50,false,52,54,56,2,4,25,-25,4,2.80,false,4.70,
91,designBreakthroughBasePct,scalar,50,false,52,54,48,2,-4,25,-25,4,2.80,false,4.66,
92,advanceUrgencyWeight,scalar,50,false,52,56,56,4,4,25.00,-25.00,4,2.80,false,3.98,
93,rivalSabotageCooldownTurns,scalar,50,false,52,56,52,4,0,25,-25,4,4.92,false,3.06,
94,preferenceMixLosingFrontShift,scalar,50,false,52,50,56,-2,4,25.00,-25.00,4,2.80,false,2.93,
95,voidedContractRelationPenalty,scalar,50,false,52,54,48,2,-4,26.67,-26.67,4,4.00,false,2.72,
96,frontBreakthroughMagnitude,scalar,50,false,52,56,50,4,-2,20,-20,4,2.80,false,2.67,
97,pressurePositionSpan,scalar,50,false,52,50,56,-2,4,30,-20,4,2.80,false,2.58,
98,designBreakthroughDelta,scalar,50,false,52,56,54,4,2,25,-25,4,2.80,false,2.51,
99,rivalSupplyPlayCooldownTurns,scalar,200,true,60,62.50,56,2.50,-4,20,-20,4,4.12,false,2.41,
100,upgradeTurnsFactor,scalar,50,false,52,56,52,4,0,25.00,-25.00,4,2.80,false,1.72,
101,integrityStart,scalar,50,false,52,48,50,-4,-2,26,-24,4,2.80,false,1.41,
102,programmePrototypeMax,scalar,50,false,52,48,50,-4,-2,25,-25,4,2.80,false,1.39,
103,copyExposedFactor,scalar,50,false,52,52,56,0,4,25,-25,4,2.80,false,1.35,
104,copyChancePct,scalar,50,false,52,54,56,2,4,25,-25,4,2.80,false,1.08,
105,frontMoraleShiftPerTurn,scalar,50,false,52,56,50,4,-2,25,-25,4,2.80,false,1.02,
106,programmeNeedTrigger,scalar,50,false,52,54,48,2,-4,25,-25,4,4,false,0.99,
107,programmeScoreScale,scalar,50,false,52,56,50,4,-2,26.67,-23.33,4,2.80,false,0.98,
108,traceDenyExposeChancePct,scalar,50,false,52,48,54,-4,2,26.67,-26.67,4,2.80,false,0.89,
109,programmeMandatoryWeight,scalar,50,false,52,50,56,-2,4,25,-25,4,2.80,false,0.65,
110,stageIncidentDoomsdayMax,scalar,50,false,52,56,56,4,4,25,-25,4,2.80,false,0.36,
111,qualityCategoryCap,scalar,50,false,52,48,52,-4,0,25,-25,4,2.80,false,0.32,
112,programmeDevelopmentTurns,scalar,200,true,60,56.50,56.50,-3.50,-3.50,25,-25,3.50,3.64,false,3.25,
113,copyDelayTurns,scalar,200,true,60,63.50,60,3.50,0,25,-25,3.50,2.17,false,1.23,
114,rivalIncidentAttemptChancePct,scalar,200,true,60,63,57,3,-3,26.67,-26.67,3,2.64,false,4.10,
115,attritionLoserMultiplier,scalar,200,true,60,63,60,3,0,25.00,-25.00,3,2.83,false,3.91,
116,heatPerUnit,scalar,200,true,60,61.50,57.50,1.50,-2.50,25.00,-25.00,2.50,4.04,false,7.49,
117,heatEscalationThreshold,scalar,200,true,60,57.50,61.50,-2.50,1.50,24.71,-24.71,2.50,4.73,false,2.57,
118,designPhaseOutKeep,scalar,50,false,52,52,50,0,-2,25,-25,2,6.05,false,11.64,
119,contractGracePeriodTurns,scalar,50,false,52,52,54,0,2,25,-25,2,7.28,false,11.10,
120,counterDemandOrders,scalar,50,false,52,52,50,0,-2,25,-25,2,6.69,false,9.14,
121,programmeCooldownTurns,scalar,50,false,52,50,52,-2,0,25,-25,2,6.69,false,7.23,
122,readinessLossMultiplier,scalar,200,true,60,62,58,2,-2,25.00,-25.00,2,4.01,false,6.40,
123,programmeSplitMargin,scalar,50,false,52,54,52,2,0,25,-25,2,2.00,false,5.31,
124,relationBoostMax,scalar,50,false,52,50,50,-2,-2,25,-25,2,3.49,false,5.21,
125,advanceRelationWeight,scalar,50,false,52,52,50,0,-2,25.00,-25.00,2,3.49,false,4.72,
126,gapShockDoomsday,scalar,50,false,52,54,54,2,2,25,-25,2,2.00,false,4.70,
127,programmePrizeOrders,scalar,50,false,52,54,54,2,2,25,-25,2,4.51,false,4.68,
128,frontBreakthroughThreshold,scalar,50,false,52,54,52,2,0,25,-25,2,2.00,false,3.85,
129,rivalDesignSpecEdge,scalar,50,false,52,54,50,2,-2,25,-25,2,3.49,false,3.80,
130,relationBoostMin,scalar,50,false,52,50,50,-2,-2,25,-25,2,2.00,false,3.38,
131,techMarginWeight,scalar,50,false,52,50,52,-2,0,25,-25,2,4.51,false,3.25,
132,gapShockTurns,scalar,50,false,52,54,52,2,0,25,-25,2,3.49,false,3.08,
133,programmeRelationWeight,scalar,50,false,52,50,52,-2,0,25,-25,2,2.00,false,2.83,
134,rivalDesignLifeTurns,scalar,50,false,52,54,52,2,0,30,-20,2,2.00,false,2.78,
135,scandalCreditPenalty,scalar,50,false,52,50,54,-2,2,25,-25,2,2.00,false,2.74,
136,qualityCategoryGradeCPenalty,scalar,50,false,52,50,52,-2,0,25,-25,2,3.49,false,2.71,
137,programmeNeutralRelationFactor,scalar,50,false,52,52,50,0,-2,25,-25,2,2.00,false,2.57,
138,supplyIndexMaxStep,scalar,50,false,52,54,52,2,0,33.33,-16.67,2,2,false,2.55,
139,advanceUrgencyFullAt,scalar,50,false,52,54,54,2,2,25,-25,2,4.51,false,2.28,
140,upgradeCostFactor,scalar,50,false,52,50,52,-2,0,25.00,-25.00,2,2.00,false,2.12,
141,designFlawBasePct,scalar,50,false,52,54,50,2,-2,25,-25,2,2.00,false,2.00,
142,casualtyChancePctPerSeverity,scalar,50,false,52,52,50,0,-2,30,-20,2,2.00,false,1.77,
143,programmeRivalCheatPct,group,50,false,52,54,54,2,2,,,2,3.49,false,1.61,
144,traceIntegrityBidWeight,scalar,50,false,52,50,50,-2,-2,25,-25,2,2.00,false,1.51,
145,traceIntegrityGain,scalar,50,false,52,50,50,-2,-2,25,-25,2,2.00,false,1.51,
146,programmeReputationWeight,scalar,50,false,52,52,50,0,-2,25,-25,2,2.00,false,1.41,
147,stageIncidentHeatMax,scalar,50,false,52,54,52,2,0,25,-25,2,2.00,false,1.39,
148,traceSeverityFactor,group,50,false,52,50,54,-2,2,,,2,2.00,false,1.31,
149,relationsAtWarStart,scalar,50,false,52,54,52,2,0,25,-25,2,2.00,false,1.30,
150,gapAdvanceBonusPts,scalar,50,false,52,52,54,0,2,20,-20,2,2.00,false,1.30,
151,qualityScandalTurns,scalar,50,false,52,54,52,2,0,25,-25,2,4.51,false,1.29,
152,advanceCoverageFull,scalar,50,false,52,54,52,2,0,20,-20,2,2,false,1.22,
153,stageIncidentHeatMin,scalar,50,false,52,54,52,2,0,20,-20,2,2.00,false,1.19,
154,designFlawDelta,scalar,50,false,52,50,54,-2,2,20,-30,2,2.00,false,1.12,
155,noveltyLifeTurns,scalar,50,false,52,54,50,2,-2,25,-25,2,2.00,false,1.11,
156,frontHoldFraction,scalar,50,false,52,54,52,2,0,25,-25,2,2.00,false,1.10,
157,militaryBudgetQuarterlyShare,scalar,50,false,52,52,54,0,2,25.00,-25.00,2,2,false,1.07,
158,traceDenyLifeTurns,scalar,50,false,52,52,54,0,2,33.33,-16.67,2,2.00,false,1.03,
159,rivalDesignQualityBonus,scalar,50,false,52,54,52,2,0,33.33,-16.67,2,2.00,false,1.00,
160,traceCleanTurns,scalar,50,false,52,50,50,-2,-2,25,-25,2,4.51,false,0.97,
161,programmeSplitSharePct,scalar,50,false,52,52,54,0,2,25.71,-24.29,2,2.00,false,0.88,
162,traceAgeChancePerTurn,scalar,50,false,52,50,50,-2,-2,25.00,-25.00,2,2.00,false,0.84,
163,provenBidBonus,scalar,50,false,52,54,52,2,0,25,-25,2,2.00,false,0.84,
164,counterIntelligenceDefault,scalar,50,false,52,50,52,-2,0,25,-25,2,2.00,false,0.84,
165,traceBaseChancePct,scalar,50,false,52,50,52,-2,0,25.00,-25.00,2,2.00,false,0.84,
166,traceCounterIntelWeight,scalar,50,false,52,50,52,-2,0,25.00,-25.00,2,2.00,false,0.84,
167,backChannelGainScaleMin,scalar,50,false,52,54,52,2,0,25,-25,2,2.00,false,0.80,
168,relationsBackChannelGain,scalar,50,false,52,54,52,2,0,30,-20,2,2.00,false,0.80,
169,bothSidesDoomsday,scalar,50,false,52,52,54,0,2,25,-25,2,2.00,false,0.76,
170,traceSuspendTurns,scalar,50,false,52,52,54,0,2,25,-25,2,2.00,false,0.67,
171,casualtyFixCost,scalar,50,false,52,52,50,0,-2,25,-25,2,2.00,false,0.67,
172,programmeSpecialistBonus,scalar,50,false,52,50,52,-2,0,25,-25,2,2.00,false,0.65,
173,warDemandCommodityCoupling,scalar,50,false,52,54,52,2,0,25.00,-25.00,2,2,false,0.62,
174,stageIncidentDoomsdayMin,scalar,50,false,52,52,54,0,2,25,-25,2,2.00,false,0.26,
175,falseGapLifeTurns,scalar,50,false,52,54,52,2,0,25,-25,2,2.00,false,0.18,
176,rivalIncidentMisattributionPct,scalar,50,false,52,54,52,2,0,26.67,-23.33,2,2.00,false,0.16,
177,programmeBoardBribeBonus,scalar,50,false,52,50,52,-2,0,20,-20,2,2.00,false,0.14,
178,copyBidPenalty,scalar,50,false,52,52,54,0,2,25,-25,2,2.00,false,0.04,
179,heatDecayIdle,scalar,200,true,60,61.50,61.50,1.50,1.50,25,-25,1.50,4.04,false,2.97,
180,testingTurnsPerStep,scalar,50,false,52,52,52,0,0,25,-25,0,2.86,false,6.18,
181,advancePctMin,scalar,50,false,52,52,52,0,0,20,-20,0,2.86,false,4.91,
182,fieldTrialUncertaintySteps,scalar,50,false,52,52,52,0,0,25,-25,0,0,false,4.46,
183,boardReviewCreditPenalty,scalar,50,false,52,52,52,0,0,25,-25,0,0,false,3.54,
184,fieldTrialOccasions,scalar,50,false,52,52,52,0,0,25,-25,0,0,false,2.38,
185,overtimeUnitCostFactor,scalar,50,false,52,52,52,0,0,25.00,-25.00,0,0,false,2.37,
186,ceasefireRelationThreshold,scalar,50,false,52,52,52,0,0,25.71,-24.29,0,2.86,false,1.92,
187,raceAccelerationCap,scalar,50,false,52,52,52,0,0,25,-25,0,0,false,1.68,
188,headStartPerShipment,scalar,50,false,52,52,52,0,0,25,-25,0,0,false,1.52,
189,rivalSupplyPlayIndexPenalty,scalar,50,false,52,52,52,0,0,25,-25,0,2.86,false,1.43,
190,programmeUnitCostCeiling,scalar,50,false,52,52,52,0,0,25.00,-25,0,0,false,1.39,
191,programmeMeasureNoise,scalar,50,false,52,52,52,0,0,25,-25,0,0,false,1.05,
192,boardReviewTolerance,scalar,50,false,52,52,52,0,0,25.00,-25.00,0,0,false,1.01,
193,orderDeliverySlackTurns,scalar,50,false,52,52,52,0,0,25,-25,0,0,false,0.99,
194,qualityCategoryGradeABonus,scalar,50,false,52,52,52,0,0,25,-25,0,2.86,false,0.92,
195,traceSettleCost,scalar,50,false,52,52,52,0,0,25,-25,0,0,false,0.76,
196,programmeReliabilityFloor,scalar,50,false,52,52,52,0,0,26,-24,0,0,false,0.66,
197,provenFamilyStep,scalar,50,false,52,52,52,0,0,25,-25,0,0,false,0.61,
198,relationsDeliveryDecay,scalar,50,false,52,52,52,0,0,25,-25,0,2.86,false,0.45,
199,relationsPassiveRecoveryPerTurn,scalar,50,false,52,52,52,0,0,25,-25,0,0,false,0.45,
200,provenOccasions,scalar,50,false,52,52,52,0,0,25,-25,0,0,false,0.43,
201,flawBattlePenaltyPerSeverity,scalar,50,false,52,52,52,0,0,25.00,-25.00,0,0,false,0.41,
202,fieldQualityRange,scalar,50,false,52,52,52,0,0,25,-25,0,0,false,0.41,
203,supplyIndexMin,scalar,50,false,52,52,52,0,0,24.71,-24.71,0,2.86,false,0.31,
204,programmeCostScale,scalar,50,false,52,52,52,0,0,25.00,-25.00,0,0,false,0.31,
205,programmeShouldWeight,scalar,50,false,52,52,52,0,0,25,-25,0,0,false,0.27,
206,programmeMaxPerGame,scalar,50,false,52,52,52,0,0,25,-25,0,0,false,0.25,
207,overtimeBreakdownChancePct,scalar,50,false,52,52,52,0,0,33.33,-16.67,0,0,false,0.22,
208,falseGapChancePct,scalar,50,false,52,52,52,0,0,25,-25,0,0,false,0.20,
209,fieldTrialBidBonus,scalar,50,false,52,52,52,0,0,25,-25,0,0,false,0.07,
210,flagshipQualityBonus,scalar,50,false,52,52,52,0,0,25,-25,0,0,false,0.07,
211,traceQualityLoss,scalar,50,false,52,52,52,0,0,25,-25,0,0,false,0.06,
212,firstInPlaceLifeTurns,scalar,50,false,52,52,52,0,0,25,-25,0,0,false,0.04,
213,programmeTestedMargin,scalar,50,false,52,52,52,0,0,25,-25,0,0,false,0.03,
214,rivalFirstInPlaceQualityBonus,scalar,50,false,52,52,52,0,0,25,-25,0,0,false,0.02,
215,traceIntegrityLoss,group,50,false,52,52,52,0,0,,,0,0,false,0.01,
216,perceivedBudgetPctPerStep,scalar,50,false,52,52,52,0,0,26.67,-26.67,0,0,false,0.00,
217,agendaModerniseTechFloor,scalar,50,false,52,52,52,0,0,25,-25,0,0,false,0,
218,agendaNonAlignmentBlocMultiplier,scalar,50,false,52,52,52,0,0,25,-25,0,0,false,0,
219,assassinateCounterIntelligenceGain,scalar,50,false,52,52,52,0,0,26,-24,0,0,false,0,
220,assassinateMaxReductionPct,scalar,50,false,52,52,52,0,0,25,-25,0,0,false,0,
221,assassinateSpendHalf,scalar,50,false,52,52,52,0,0,25,-25,0,0,false,0,
222,assessmentWidthByDepth,group,50,false,52,52,52,0,0,,,0,0,false,0,
223,backChannelDoomsdayMax,scalar,50,false,52,52,52,0,0,25,-25,0,0,false,0,
224,backChannelDoomsdayMin,scalar,50,false,52,52,52,0,0,30,-20,0,0,false,0,
225,backChannelGainScaleMax,scalar,50,false,52,52,52,0,0,25,-25,0,0,false,0,
226,backChannelSpendHalf,scalar,50,false,52,52,52,0,0,25,-25,0,0,false,0,
227,blameProvenLoss,scalar,50,false,52,52,52,0,0,25,-25,0,0,false,0,
228,blameRelationPenalty,scalar,50,false,52,52,52,0,0,30,-20,0,0,false,0,
229,bribeLowIntegrityGainBonus,scalar,50,false,52,52,52,0,0,25,-25,0,0,false,0,
230,bribeRelationCostPerPoint,scalar,50,false,52,52,52,0,0,25,-25,0,0,false,0,
231,bribeRelationMaxPerTurn,scalar,50,false,52,52,52,0,0,26.67,-26.67,0,0,false,0,
232,bribeScandalRiskCostPerPoint,scalar,50,false,52,52,52,0,0,25,-25,0,0,false,0,
233,bribeTermMultiplier,scalar,50,false,52,52,52,0,0,25,-25,0,0,false,0,
234,bribeTermScale,scalar,50,false,52,52,52,0,0,25,-25,0,0,false,0,
235,brokerDeliveryTurns,scalar,50,false,52,52,52,0,0,25,-25,0,0,false,0,
236,brokerIntegrityThreshold,scalar,50,false,52,52,52,0,0,25,-25,0,0,false,0,
237,brokerRelationThreshold,scalar,50,false,52,52,52,0,0,26,-24,0,0,false,0,
238,brokerScandalRiskGain,scalar,50,false,52,52,52,0,0,26.67,-26.67,0,0,false,0,
239,brokerStandingCost,scalar,50,false,52,52,52,0,0,30,-20,0,0,false,0,
240,buildLineCost,scalar,50,false,52,52,52,0,0,25,-25,0,0,false,0,
241,captureFractionPct,scalar,50,false,52,52,52,0,0,25,-25,0,0,false,0,
242,casualtyFixFailPct,scalar,50,false,52,52,52,0,0,26.67,-26.67,0,0,false,0,
243,casualtyFixFailQualityPenalty,scalar,50,false,52,52,52,0,0,25,-25,0,0,false,0,
244,categoryCombatWeight,group,50,false,52,52,52,0,0,,,0,0,false,0,
245,ceasefireDoomsdayReescalationThreshold,scalar,50,false,52,52,52,0,0,25,-25,0,0,false,0,
246,chiefEngineerProjectThreshold,scalar,50,false,52,52,52,0,0,25.71,-24.29,0,0,false,0,
247,chiefEngineerTurnsSaved,scalar,50,false,52,52,52,0,0,25,-25,0,0,false,0,
248,chiefOfStaffActionBonusThreshold,scalar,50,false,52,52,52,0,0,25.71,-24.29,0,0,false,0,
249,civilHeadStartEveryTurns,scalar,50,false,52,52,52,0,0,25,-25,0,0,false,0,
250,civilMinTechLevel,scalar,50,false,52,52,52,0,0,20,-20,0,0,false,0,
251,civilRevenuePerTurn,scalar,50,false,52,52,52,0,0,25,-25,0,0,false,0,
252,civilRevenueTechStep,scalar,50,false,52,52,52,0,0,25.00,-25.00,0,0,false,0,
253,counterBidBonus,scalar,50,false,52,52,52,0,0,25,-25,0,0,false,0,
254,counterResearchTurnsSaved,scalar,50,false,52,52,52,0,0,25,-25,0,0,false,0,
255,crashCostMultiple,scalar,50,false,52,52,52,0,0,25,-25,0,0,false,0,
256,crashTimeFactor,scalar,50,false,52,52,52,0,0,25,-25,0,0,false,0,
257,crisisBackDownDoomsdayTarget,scalar,50,false,52,52,52,0,0,25,-25,0,0,false,0,
258,crisisPushBackdownTarget,scalar,50,false,52,52,52,0,0,24.44,-24.44,0,0,false,0,
259,crisisPushContractQuantity,scalar,50,false,52,52,52,0,0,25,-25,0,0,false,0,
260,crisisPushExchangePct,scalar,50,false,52,52,52,0,0,26.67,-23.33,0,0,false,0,
261,crisisSellFileRevenue,scalar,50,false,52,52,52,0,0,25,-25,0,0,false,0,
262,crisisSellFileStandingPenalty,scalar,50,false,52,52,52,0,0,25,-25,0,0,false,0,
263,crisisSellFileTarget,scalar,50,false,52,52,52,0,0,26,-24,0,0,false,0,
264,customiseBidBonus,scalar,50,false,52,52,52,0,0,25,-25,0,0,false,0,
265,customiseCostFactor,scalar,50,false,52,52,52,0,0,25.00,-25.00,0,0,false,0,
266,customiseScandalOrderFactor,scalar,50,false,52,52,52,0,0,25,-25,0,0,false,0,
267,customiseScandalPct,scalar,50,false,52,52,52,0,0,25,-25,0,0,false,0,
268,customiseScandalRelationLoss,scalar,50,false,52,52,52,0,0,25,-25,0,0,false,0,
269,deliveryTermWeight,scalar,50,false,52,52,52,0,0,24,-24,0,0,false,0,
270,denyExposedStandingPenalty,scalar,50,false,52,52,52,0,0,30,-20,0,0,false,0,
271,denyExposureChancePct,scalar,50,false,52,52,52,0,0,25,-25,0,0,false,0,
272,denyQualityPenaltyPerDelivery,scalar,50,false,52,52,52,0,0,25,-25,0,0,false,0,
273,denyStandingPenalty,scalar,50,false,52,52,52,0,0,25,-25,0,0,false,0,
274,designAmbitionFlawGainPct,scalar,50,false,52,52,52,0,0,30,-20,0,0,false,0,
275,designAmbitionPerformanceGain,scalar,50,false,52,52,52,0,0,25,-25,0,0,false,0,
276,designAmbitionReliabilityLoss,scalar,50,false,52,52,52,0,0,25,-25,0,0,false,0,
277,designAmbitionUnitCostGain,scalar,50,false,52,52,52,0,0,25.00,-25.00,0,0,false,0,
278,designChiefEngineerFlawReductionPct,scalar,50,false,52,52,52,0,0,20,-20,0,0,false,0,
279,designerCarefulFlawReductionPct,scalar,50,false,52,52,52,0,0,25,-25,0,0,false,0,
280,designerFastTurnsSaved,scalar,50,false,52,52,52,0,0,25,-25,0,0,false,0,
281,designerFocusQualityBonus,scalar,50,false,52,52,52,0,0,25,-25,0,0,false,0,
282,designerFrugalCostFactor,scalar,50,false,52,52,52,0,0,25.00,-25.00,0,0,false,0,
283,designerHireCost,scalar,50,false,52,52,52,0,0,25,-25,0,0,false,0,
284,designerPoachChancePct,scalar,50,false,52,52,52,0,0,20,-20,0,0,false,0,
285,designerPoachFactor,scalar,50,false,52,52,52,0,0,25,-25,0,0,false,0,
286,designerSalaryPerTurn,scalar,50,false,52,52,52,0,0,25,-25,0,0,false,0,
287,designExperienceCap,scalar,50,false,52,52,52,0,0,25,-25,0,0,false,0,
288,designExperienceFlawReductionPct,scalar,50,false,52,52,52,0,0,25,-25,0,0,false,0,
289,doomsdayCrisisWatchThreshold,scalar,50,false,52,52,52,0,0,25,-25,0,0,false,0,
290,embargoCommodityTargetBoost,scalar,50,false,52,52,52,0,0,26.67,-26.67,0,0,false,0,
291,embargoTreasuryDrainPerTurn,scalar,50,false,52,52,52,0,0,25,-25,0,0,false,0,
292,exportControlGeneration,scalar,50,false,52,52,52,0,0,25,-25,0,0,false,0,
293,exportViolationDoomsday,scalar,50,false,52,52,52,0,0,25,-25,0,0,false,0,
294,exportViolationHeat,scalar,50,false,52,52,52,0,0,25,-25,0,0,false,0,
295,exportViolationTraceSeverity,scalar,50,false,52,52,52,0,0,25,-25,0,0,false,0,
296,exposureBurnThreshold,scalar,50,false,52,52,52,0,0,25,-25,0,0,false,0,
297,exposureEventsForEnding,scalar,50,false,52,52,52,0,0,25,-25,0,0,false,0,
298,exposureWindowTurns,scalar,50,false,52,52,52,0,0,33.33,-16.67,0,0,false,0,
299,factionBankruptcyTurns,scalar,50,false,52,52,52,0,0,25,-25,0,0,false,0,
300,factionLowSupportThreshold,scalar,50,false,52,52,52,0,0,24,-24,0,0,false,0,
301,factionLowSupportTurns,scalar,50,false,52,52,52,0,0,25,-25,0,0,false,0,
302,firstInPlaceBidBonus,scalar,50,false,52,52,52,0,0,25,-25,0,0,false,0,
303,followerCostFactor,scalar,50,false,52,52,52,0,0,25.00,-25.00,0,0,false,0,
304,followerTurnsSaved,scalar,50,false,52,52,52,0,0,25,-25,0,0,false,0,
305,formationStrengthBandHighPct,scalar,50,false,52,52,52,0,0,25.76,-24.24,0,0,false,0,
306,formationStrengthBandLowPct,scalar,50,false,52,52,52,0,0,24.24,-24.24,0,0,false,0,
307,fundCampaignStandingCostPerPoint,scalar,50,false,52,52,52,0,0,25,-25,0,0,false,0,
308,fundCoupBaseSuccessPct,scalar,50,false,52,52,52,0,0,25,-25,0,0,false,0,
309,fundCoupCaughtCounterIntelligenceGain,scalar,50,false,52,52,52,0,0,24,-24,0,0,false,0,
310,fundCoupCost,scalar,50,false,52,52,52,0,0,25,-25,0,0,false,0,
311,fundCoupFailureRelationPenalty,scalar,50,false,52,52,52,0,0,25,-25,0,0,false,0,
312,fundCoupMinSuccessPct,scalar,50,false,52,52,52,0,0,20,-20,0,0,false,0,
313,fundCoupNeutralAlignmentShift,scalar,50,false,52,52,52,0,0,26,-24,0,0,false,0,
314,fundCoupPreferredSupplierTurns,scalar,50,false,52,52,52,0,0,20,-20,0,0,false,0,
315,fundCoupSpendBonusMaxPct,scalar,50,false,52,52,52,0,0,25,-25,0,0,false,0,
316,fundCoupSpendHalf,scalar,50,false,52,52,52,0,0,25,-25,0,0,false,0,
317,fundCoupSuccessCapPct,scalar,50,false,52,52,52,0,0,17.65,-24.71,0,0,false,0,
318,headStartCap,scalar,50,false,52,52,52,0,0,25,-25,0,0,false,0,
319,hireCost,scalar,50,false,52,52,52,0,0,25,-25,0,0,false,0,
320,hireGain,scalar,50,false,52,52,52,0,0,26.67,-26.67,0,0,false,0,
321,influencePublicSupportCostPerPoint,scalar,50,false,52,52,52,0,0,25,-25,0,0,false,0,
322,influenceRelationsCostPerPoint,scalar,50,false,52,52,52,0,0,25,-25,0,0,false,0,
323,insolvencyTurns,scalar,50,false,52,52,52,0,0,20,-20,0,0,false,0,
324,intelCaughtCounterIntelligenceGain,scalar,50,false,52,52,52,0,0,30,-20,0,0,false,0,
325,intelCovertOpCost,scalar,50,false,52,52,52,0,0,25,-25,0,0,false,0,
326,intelDormantExposureDecay,scalar,50,false,52,52,52,0,0,20,-20,0,0,false,0,
327,intelExpandCost,scalar,50,false,52,52,52,0,0,25,-25,0,0,false,0,
328,intelExposureMax,scalar,50,false,52,52,52,0,0,24,-24,0,0,false,0,
329,intelExposureMin,scalar,50,false,52,52,52,0,0,25,-25,0,0,false,0,
330,intelOpBaseSuccessPct,scalar,50,false,52,52,52,0,0,11.11,-24.44,0,0,false,0,
331,intelOpMinSuccessPct,scalar,50,false,52,52,52,0,0,20,-20,0,0,false,0,
332,intelRecruitCost,scalar,50,false,52,52,52,0,0,25,-25,0,0,false,0,
333,investigationActionPointPenalty,scalar,50,false,52,52,52,0,0,25,-25,0,0,false,0,
334,investigationDeadlineTurns,scalar,50,false,52,52,52,0,0,25,-25,0,0,false,0,
335,kitPriceCapFactor,scalar,50,false,52,52,52,0,0,25.00,-25.00,0,0,false,0,
336,kitScoreBonus,scalar,50,false,52,52,52,0,0,25,-25,0,0,false,0,
337,kitUnitCostFactor,scalar,50,false,52,52,52,0,0,25,-25,0,0,false,0,
338,leakExposeChancePct,scalar,50,false,52,52,52,0,0,25,-25,0,0,false,0,
339,leakExposedDoomsday,scalar,50,false,52,52,52,0,0,25,-25,0,0,false,0,
340,leakExposedRelationPenalty,scalar,50,false,52,52,52,0,0,30,-20,0,0,false,0,
341,leakLifeTurns,scalar,50,false,52,52,52,0,0,20,-20,0,0,false,0,
342,leakRelationPenalty,scalar,50,false,52,52,52,0,0,25,-25,0,0,false,0,
343,legalCounselCostPerTurn,scalar,50,false,52,52,52,0,0,25,-25,0,0,false,0,
344,legalTraceEveryTurns,scalar,50,false,52,52,52,0,0,25,-25,0,0,false,0,
345,licenceCapabilityPerTurn,scalar,50,false,52,52,52,0,0,25,-25,0,0,false,0,
346,licenceEmbargoGrowthFactor,scalar,50,false,52,52,52,0,0,25,-25,0,0,false,0,
347,licenceLumpSum,scalar,50,false,52,52,52,0,0,25,-25,0,0,false,0,
348,licenceReviewExposurePenalty,scalar,50,false,52,52,52,0,0,24,-24,0,0,false,0,
349,licenceRivalCapability,scalar,50,false,52,52,52,0,0,25,-25,0,0,false,0,
350,licenceRivalCapital,scalar,50,false,52,52,52,0,0,25,-25,0,0,false,0,
351,licenceRivalMarketShare,scalar,50,false,52,52,52,0,0,30,-20,0,0,false,0,
352,licenceRoyaltyPerTurn,scalar,50,false,52,52,52,0,0,25,-25,0,0,false,0,
353,marketReleaseCommodityImpactPerMoney,scalar,50,false,52,52,52,0,0,25.00,-25.00,0,0,false,0,
354,maxOrdersPerFactionPerTurn,scalar,50,false,52,52,52,0,0,25,-25,0,0,false,0,
355,maxProductionLines,scalar,50,false,52,52,52,0,0,22.22,-22.22,0,0,false,0,
356,maxStations,scalar,50,false,52,52,52,0,0,20,-20,0,0,false,0,
357,misattributionExposurePenalty,scalar,50,false,52,52,52,0,0,26.67,-23.33,0,0,false,0,
358,needCeiling,scalar,50,false,52,52,52,0,0,25,-25,0,0,false,0,
359,orderQuantityMax,scalar,50,false,52,52,52,0,0,24.86,-24.86,0,0,false,0,
360,orderQuantityMin,scalar,50,false,52,52,52,0,0,25,-25,0,0,false,0,
361,overtimeCapacityPct,scalar,50,false,52,52,52,0,0,-20,-24.80,0,0,false,0,
362,passiveMaxConcurrentBids,scalar,50,false,52,52,52,0,0,25,-25,0,0,false,0,
363,policyDecisionMinTurn,scalar,50,false,52,52,52,0,0,25,-25,0,0,false,0,
364,policyPriceCapFactor,scalar,50,false,52,52,52,0,0,25.00,-25,0,0,false,0,
365,preferenceMixAgendaShift,scalar,50,false,52,52,52,0,0,25.00,-25.00,0,0,false,0,
366,preferenceMixFloor,scalar,50,false,52,52,52,0,0,25.00,-25.00,0,0,false,0,
367,preferenceMixLosingPosition,scalar,50,false,52,52,52,0,0,30,-20,0,0,false,0,
368,preferredSupplierScoreBonus,scalar,50,false,52,52,52,0,0,24,-24,0,0,false,0,
369,programmeBoardBribeCost,scalar,50,false,52,52,52,0,0,25,-25,0,0,false,0,
370,programmeCostPlusCapFactor,scalar,50,false,52,52,52,0,0,25,-25,0,0,false,0,
371,programmeCostPlusMargin,scalar,50,false,52,52,52,0,0,25.00,-25.00,0,0,false,0,
372,programmeCounterPurchaseMarginPct,scalar,50,false,52,52,52,0,0,25,-25,0,0,false,0,
373,programmeCounterPurchaseNonAlignedFactor,scalar,50,false,52,52,52,0,0,25,-25,0,0,false,0,
374,programmeCounterPurchaseScore,scalar,50,false,52,52,52,0,0,25,-25,0,0,false,0,
375,programmeDeliveryScale,scalar,50,false,52,52,52,0,0,25,-25,0,0,false,0,
376,programmeDeliverySlackTurns,scalar,50,false,52,52,52,0,0,25,-25,0,0,false,0,
377,programmeFalsifyCost,scalar,50,false,52,52,52,0,0,25,-25,0,0,false,0,
378,programmeFlawPerformancePenalty,scalar,50,false,52,52,52,0,0,25,-25,0,0,false,0,
379,programmeFlawReliabilityPenalty,scalar,50,false,52,52,52,0,0,33.33,-16.67,0,0,false,0,
380,programmeGrantAmount,scalar,50,false,52,52,52,0,0,25,-25,0,0,false,0,
381,programmeHandbuiltBonus,scalar,50,false,52,52,52,0,0,33.33,-16.67,0,0,false,0,
382,programmeLeakPenalty,scalar,50,false,52,52,52,0,0,25,-25,0,0,false,0,
383,programmeLowballDiscountPct,scalar,50,false,52,52,52,0,0,25,-25,0,0,false,0,
384,programmeLowballHearingPct,scalar,50,false,52,52,52,0,0,25.71,-25.71,0,0,false,0,
385,programmeLowballHearingRelationPenalty,scalar,50,false,52,52,52,0,0,30,-20,0,0,false,0,
386,programmeLowballOverrunTurns,scalar,50,false,52,52,52,0,0,25,-25,0,0,false,0,
387,programmeLowballRecoupFactor,scalar,50,false,52,52,52,0,0,25,-25,0,0,false,0,
388,programmeLowballScore,scalar,50,false,52,52,52,0,0,25,-25,0,0,false,0,
389,programmeOverrunRelationPenalty,scalar,50,false,52,52,52,0,0,30,-20,0,0,false,0,
390,programmeRefuseIntegrityFloor,scalar,50,false,52,52,52,0,0,26,-24,0,0,false,0,
391,programmeRefusePctPerPoint,scalar,50,false,52,52,52,0,0,25,-25,0,0,false,0,
392,programmeRefuseRelationPenalty,scalar,50,false,52,52,52,0,0,26.67,-26.67,0,0,false,0,
393,programmeReportRelationPenalty,scalar,50,false,52,52,52,0,0,26.67,-26.67,0,0,false,0,
394,programmeSabotagePenalty,scalar,50,false,52,52,52,0,0,33.33,-16.67,0,0,false,0,
395,programmeSpecTiltPoints,scalar,50,false,52,52,52,0,0,33.33,-16.67,0,0,false,0,
396,programmeSpecTiltWeight,scalar,50,false,52,52,52,0,0,25,-25,0,0,false,0,
397,programmeTestedQualityGain,scalar,50,false,52,52,52,0,0,25,-25,0,0,false,0,
398,programmeWriteSpecBribeCost,scalar,50,false,52,52,52,0,0,25,-25,0,0,false,0,
399,programmeWriteSpecRelationFloor,scalar,50,false,52,52,52,0,0,26,-24,0,0,false,0,
400,provenMinOccasions,scalar,50,false,52,52,52,0,0,25,-25,0,0,false,0,
401,publicSupportLossPerCasualty,scalar,50,false,52,52,52,0,0,25.00,-25.00,0,0,false,0,
402,qualityClassThresholds,group,50,false,52,52,52,0,0,,,0,0,false,0,
403,redesignTurnsFactor,scalar,50,false,52,52,52,0,0,25,-25,0,0,false,0,
404,relationsIncidentPenalty,scalar,50,false,52,52,52,0,0,26.67,-26.67,0,0,false,0,
405,relationsNeutralStart,scalar,50,false,52,52,52,0,0,26,-24,0,0,false,0,
406,reliabilityBidFloor,scalar,50,false,52,52,52,0,0,26.67,-26.67,0,0,false,0,
407,researchPace,group,50,false,52,52,52,0,0,,,0,0,false,0,
408,reverseEngineerBaseTurns,scalar,50,false,52,52,52,0,0,25,-25,0,0,false,0,
409,reverseEngineerCost,scalar,50,false,52,52,52,0,0,25,-25,0,0,false,0,
410,rivalCashFloor,scalar,50,false,52,52,52,0,0,25,-25,0,0,false,0,
411,rivalCashPressurePenalty,scalar,50,false,52,52,52,0,0,25.00,-25.00,0,0,false,0,
412,rivalPassiveGrowthCapital,scalar,50,false,52,52,52,0,0,25,-25,0,0,false,0,
413,rivalPassiveGrowthMarketShare,scalar,50,false,52,52,52,0,0,25,-25,0,0,false,0,
414,rivalSupplyPlayCapitalFloor,scalar,50,false,52,52,52,0,0,25,-25,0,0,false,0,
415,rivalSupplyPlayCost,scalar,50,false,52,52,52,0,0,25,-25,0,0,false,0,
416,skunkCostFactor,scalar,50,false,52,52,52,0,0,25.00,-25.00,0,0,false,0,
417,skunkFlawGainPct,scalar,50,false,52,52,52,0,0,25,-25,0,0,false,0,
418,skunkTurnsFactor,scalar,50,false,52,52,52,0,0,25.00,-25.00,0,0,false,0,
419,stageIncidentHeatScaleMax,scalar,50,false,52,52,52,0,0,25,-25,0,0,false,0,
420,stageIncidentHeatScaleMin,scalar,50,false,52,52,52,0,0,25,-25,0,0,false,0,
421,stageIncidentSpendHalf,scalar,50,false,52,52,52,0,0,25,-25,0,0,false,0,
422,statedBudgetMaxFactor,scalar,50,false,52,52,52,0,0,25.00,-25.00,0,0,false,0,
423,statedBudgetMinFactor,scalar,50,false,52,52,52,0,0,25.00,-25.00,0,0,false,0,
424,stationActiveDepthTurns,scalar,50,false,52,52,52,0,0,25,-25,0,0,false,0,
425,stationActiveExposurePerTurn,scalar,50,false,52,52,52,0,0,25,-25,0,0,false,0,
426,stationActiveUpkeepFactor,scalar,50,false,52,52,52,0,0,25,-25,0,0,false,0,
427,stationBurnChancePct,scalar,50,false,52,52,52,0,0,25,-25,0,0,false,0,
428,stationQuietExposureDecay,scalar,50,false,52,52,52,0,0,25,-25,0,0,false,0,
429,stationQuietUpkeepFactor,scalar,50,false,52,52,52,0,0,25,-25,0,0,false,0,
430,successorIntegrityMax,scalar,50,false,52,52,52,0,0,25,-25,0,0,false,0,
431,successorIntegrityMin,scalar,50,false,52,52,52,0,0,26.67,-23.33,0,0,false,0,
432,successorStandingMax,scalar,50,false,52,52,52,0,0,25.71,-24.29,0,0,false,0,
433,successorStandingMin,scalar,50,false,52,52,52,0,0,25,-25,0,0,false,0,
434,supplyAgreementMaxTurns,scalar,50,false,52,52,52,0,0,25,-25,0,0,false,0,
435,supplyAgreementMinTurns,scalar,50,false,52,52,52,0,0,25,-25,0,0,false,0,
436,supplyLossStreakTurns,scalar,50,false,52,52,52,0,0,25,-25,0,0,false,0,
437,tenderReformWeights,group,50,false,52,52,52,0,0,,,0,0,false,0,
438,traceArchivesChancePct,scalar,50,false,52,52,52,0,0,25.71,-25.71,0,0,false,0,
439,traceBoardDeduction,group,50,false,52,52,52,0,0,,,0,0,false,0,
440,traceChanceCap,scalar,50,false,52,52,52,0,0,26,-24,0,0,false,0,
441,traceCleanHouseIntegrity,scalar,50,false,52,52,52,0,0,25.71,-24.29,0,0,false,0,
442,traceDeadlineTurns,scalar,50,false,52,52,52,0,0,25,-25,0,0,false,0,
443,traceDenyIntegrity,scalar,50,false,52,52,52,0,0,25,-25,0,0,false,0,
444,traceLegalFactor,scalar,50,false,52,52,52,0,0,25.00,-25.00,0,0,false,0,
445,traceOfficialStandingLoss,scalar,50,false,52,52,52,0,0,25,-25,0,0,false,0,
446,traceRivalQualityLoss,scalar,50,false,52,52,52,0,0,25,-25,0,0,false,0,
447,traceRivalRelationLoss,scalar,50,false,52,52,52,0,0,30,-20,0,0,false,0,
448,traceSacrificeStaffLoss,scalar,50,false,52,52,52,0,0,25,-25,0,0,false,0,
449,traceScandalRiskWeight,scalar,50,false,52,52,52,0,0,25.00,-25.00,0,0,false,0,
450,turnFailureStandingPenalty,scalar,50,false,52,52,52,0,0,25,-25,0,0,false,0,
451,turnRelationGain,scalar,50,false,52,52,52,0,0,24,-24,0,0,false,0,
452,upgradeMaxPerformanceGain,scalar,50,false,52,52,52,0,0,25,-25,0,0,false,0,
453,warReescalationRelationThreshold,scalar,50,false,52,52,52,0,0,26.67,-23.33,0,0,false,0,
454,yardstickScale,scalar,50,false,52,52,52,0,0,26,-24,0,0,false,0,
